{"stats":{"minecraft:custom":{"minecraft:mob_kills":32,"minecraft:play_one_minute":1475289,"minecraft:leave_game":48,"minecraft:time_since_death":98928,"minecraft:climb_one_cm":12212,"minecraft:time_since_rest":98959,"minecraft:sprint_one_cm":1482118,"minecraft:damage_taken":32686,"minecraft:walk_one_cm":1063214,"minecraft:trigger_trapped_chest":1,"minecraft:drop":36,"minecraft:damage_dealt":26718,"minecraft:fly_one_cm":5703288,"minecraft:player_kills":32,"minecraft:open_chest":103,"minecraft:crouch_one_cm":239550,"minecraft:deaths":15,"minecraft:sneak_time":48358,"minecraft:jump":10598,"minecraft:fall_one_cm":405231},"minecraft:killed_by":{"minecraft:player":9,"minecraft:slime":1},"minecraft:mined":{"minecraft:orange_wool":43,"minecraft:black_wool":1,"minecraft:white_wool":1},"minecraft:dropped":{"minecraft:diamond_axe":2,"minecraft:golden_pickaxe":1,"minecraft:diamond":7,"minecraft:iron_hoe":1,"minecraft:diamond_sword":1,"minecraft:stone":3,"minecraft:mutton":1,"minecraft:diamond_pickaxe":7,"minecraft:oak_sapling":2,"minecraft:potion":1,"minecraft:fire_charge":1,"minecraft:bow":2,"minecraft:wooden_pickaxe":5,"minecraft:iron_pickaxe":1,"minecraft:white_wool":1},"minecraft:killed":{"minecraft:sheep":11,"minecraft:horse":8,"minecraft:chicken":3,"minecraft:cow":10},"minecraft:used":{"minecraft:cow_spawn_egg":27,"minecraft:acacia_log":1,"minecraft:orange_concrete":163,"minecraft:red_concrete":5,"minecraft:red_sandstone_slab":47,"minecraft:oak_planks":154,"minecraft:redstone":31,"minecraft:lime_wool":35,"minecraft:ladder":13,"minecraft:blue_wool":333,"minecraft:ender_pearl":4,"minecraft:chest":9,"minecraft:stone":1642,"minecraft:redstone_block":61,"minecraft:quartz_stairs":3,"minecraft:white_wool":397,"minecraft:orange_stained_glass":130,"minecraft:torch":8,"minecraft:dirt":17,"minecraft:orange_carpet":198,"minecraft:white_carpet":120,"minecraft:oak_slab":16,"minecraft:light_blue_wool":24,"minecraft:orange_wool":5914,"minecraft:gray_concrete":4,"minecraft:blue_concrete":3,"minecraft:end_stone":177,"minecraft:snowball":461,"minecraft:spruce_log":24,"minecraft:polished_diorite":1,"minecraft:glass":95,"minecraft:oak_log":32,"minecraft:iron_hoe":1,"minecraft:black_wool":23,"minecraft:acacia_stairs":12,"minecraft:black_concrete":2,"minecraft:quartz_pillar":3,"minecraft:red_wool":70,"minecraft:command_block":48,"minecraft:quartz_slab":95,"minecraft:grass_block":295,"minecraft:brown_wool":22,"minecraft:barrier":33,"minecraft:acacia_slab":13,"minecraft:green_wool":22,"minecraft:quartz_block":314,"minecraft:sign":76,"minecraft:stone_slab":4,"minecraft:smooth_quartz":125,"minecraft:yellow_wool":1,"minecraft:light_gray_wool":22,"minecraft:glowstone":12,"minecraft:diamond_sword":794,"minecraft:fishing_rod":8,"minecraft:lime_concrete":9,"minecraft:bow":130,"minecraft:acacia_pressure_plate":8,"minecraft:white_stained_glass":20,"minecraft:acacia_fence":38,"minecraft:repeating_command_block":2,"minecraft:trapped_chest":1,"minecraft:egg":163,"minecraft:stone_pressure_plate":11,"minecraft:white_concrete":3,"minecraft:gray_wool":22,"minecraft:orange_terracotta":4,"minecraft:stripped_spruce_wood":72},"minecraft:picked_up":{"minecraft:feather":2,"minecraft:chicken":3,"minecraft:golden_pickaxe":1,"minecraft:leather":8,"minecraft:wooden_pickaxe":5,"minecraft:potion":2,"minecraft:dirt":8,"minecraft:wooden_sword":1,"minecraft:white_carpet":3,"minecraft:bow":2,"minecraft:wheat_seeds":1,"minecraft:beef":17,"minecraft:iron_pickaxe":1,"minecraft:egg":1,"minecraft:stone":3,"minecraft:torch":1,"minecraft:fire_charge":1,"minecraft:orange_wool":43,"minecraft:iron_hoe":1,"minecraft:diamond":7,"minecraft:diamond_axe":2,"minecraft:oak_sapling":2,"minecraft:mutton":8,"minecraft:white_wool":7,"minecraft:diamond_pickaxe":7}},"DataVersion":1631}