{"stats":{"minecraft:custom":{"minecraft:open_chest":36,"minecraft:time_since_rest":12843,"minecraft:crouch_one_cm":128503,"minecraft:play_one_minute":500548,"minecraft:sprint_one_cm":910740,"minecraft:damage_taken":33332,"minecraft:deaths":18,"minecraft:walk_one_cm":383257,"minecraft:sneak_time":26061,"minecraft:jump":6339,"minecraft:damage_dealt":18874,"minecraft:leave_game":7,"minecraft:time_since_death":12745,"minecraft:climb_one_cm":5018,"minecraft:fall_one_cm":363055,"minecraft:fly_one_cm":2606148,"minecraft:player_kills":5},"minecraft:killed_by":{"minecraft:player":17},"minecraft:mined":{"minecraft:black_wool":27,"minecraft:wet_sponge":20,"minecraft:orange_wool":12,"minecraft:white_wool":2},"minecraft:broken":{"minecraft:wooden_sword":2},"minecraft:picked_up":{"minecraft:diamond_sword":1,"minecraft:potion":1,"minecraft:black_wool":17,"minecraft:white_wool":2,"minecraft:orange_wool":12,"minecraft:wet_sponge":11},"minecraft:used":{"minecraft:glass":42,"minecraft:orange_stained_glass":134,"minecraft:diorite":1,"minecraft:diamond_sword":742,"minecraft:wooden_sword":199,"minecraft:stone_sword":43,"minecraft:potion":2,"minecraft:grass_block":82,"minecraft:oak_stairs":6,"minecraft:orange_wool":1893,"minecraft:stone":283,"minecraft:smooth_quartz":133,"minecraft:pink_wool":484}},"DataVersion":1631}