{"stat.chestOpened":16,"stat.useItem.minecraft.command_block":67,"stat.walkOneCm":370965,"stat.useItem.minecraft.sticky_piston":1,"stat.useItem.minecraft.chest":5,"stat.useItem.minecraft.stone":600,"stat.useItem.minecraft.repeater":16,"stat.leaveGame":7,"stat.useItem.minecraft.log":187,"stat.useItem.minecraft.comparator":12,"stat.useItem.minecraft.cobblestone":7,"stat.useItem.minecraft.gravel":3,"stat.useItem.minecraft.carpet":89,"stat.useItem.minecraft.clay":3,"stat.useItem.minecraft.glowstone":62,"stat.jump":1121,"stat.useItem.minecraft.sand":5,"stat.useItem.minecraft.planks":190,"stat.useItem.minecraft.redstone_block":20,"stat.useItem.minecraft.redstone":56,"stat.crouchOneCm":6160,"stat.useItem.minecraft.spruce_fence":49,"achievement.mineWood":1,"stat.useItem.minecraft.redstone_torch":5,"stat.useItem.minecraft.dirt":35,"stat.useItem.minecraft.stone_button":11,"stat.sprintOneCm":110767,"achievement.exploreAllBiomes":{"value":0,"progress":["Plains"]},"achievement.openInventory":122,"stat.useItem.minecraft.iron_block":15,"stat.useItem.minecraft.stone_pressure_plate":8,"stat.flyOneCm":1478862,"stat.deaths":7,"stat.playOneMinute":163373,"stat.useItem.minecraft.ladder":8,"stat.useItem.minecraft.wool":1193,"stat.timeSinceDeath":153604,"stat.useItem.minecraft.sign":6}